hash,ctype
feb545ceba5cb477ba883b46b60142f441ad5a3d,bug
04246dcc1b26f538127187311eba66bbf1bd2ed8,bug
32f5e099d4feb87a759afcdc012906f11fdcd06d,bug
838cea4e4ee0e473703e1a1db2ead95dde039684,bug
b07914010138e3093362f56234d30aeb8aa34b9f,bug
d96131ed9bf14bd7ec13bbf19c2c6caebf851a14,bug
7e4282d5031cbf9f596747cd4db84c740a2b93c9,bug
f85023570d6ff0793ac1bcf751726ce877760d49,bug
f3d9f71df195524989bee1dd4387a72f8e1519a0,bug
d90a404747bd065d2fe653704222b1e6638ef9e6,bug
893ef74101432c39149db332b131c2b6b9ef6b9a,bug
b963cb2351f354d13bbc32277d0a7233c2459ae7,bug
9bc3bd4cddd29c048ea0762aa45dab57fd50bd0e,bug
741fc2ce9a30ec94b078a1e6aa075842b2112dd8,bug
74c68e2a04c8aef7f062fe39b6c34604ca5d3022,bug
7260f62b88398a4be3c46e951e81c9519121d104,bug
27bd1747b493d02d9bcd8499c51b2d1022838ced,bug
a35934a67347169e4c711751f212b90beb119cba,bug
50703c70a952267699b5d2bb4e241d366750354a,bug
5486eb6b3da405f294e4c22f759b636b9c92fbfd,bug
ee78600543e34f35432ead474fc4370be5e1c35f,bug
23235b5fdb5412355e826f7fc0c154c409b9be37,bug
34f5edd500886b579ad3411f14213e6b97f064f9,bug
f6a3ef5643e3bc2551c641c392c7f9c31a24db78,bug
5679ab102df028a67916a736802943e232df12fd,bug
4b92b0f8cfe25fe8789c7226cb0ab181bd37614b,bug
8616be0c9422b670030dee4664c7422b3cae548b,bug
dc4c8bdb05d8cb0ffc176cb6b661c47de642965f,bug
3cfc9f209ed0c173319659114859b7e848812fd7,bug
86aa7960cc53d73d7ffe408184e762fb1c75610e,bug
9aaf664253063e5a28fcacd58a67106357c3eaed,bug
6c1659becf3a8397554676bd3bf7d6f20540abb6,bug
010770085b55260245797b23bdae2076b736d0d9,bug
0732cbee894c0e518db9c2f337be3794aa46a681,bug
c9d7b236583603918a3168cb6cfef0e60be10e10,bug
404e215458df2676f21017cec00a7ae51fb163c1,bug
ed5ee663a9ec0feb9a44db8c941ba388c8d85429,bug
918b998dc773266de160e34b2193ee7119a488d3,bug
04a22c14d714ca8a6fcfb7d3d4aba32101252501,bug
9937d0c462a7b6c205142cb0923cbd56133357aa,bug
057371da13212d91442e79f817ce8a75819f446d,bug
313f8d3fcb71b66fcc3e3028bb87505c053e1f90,bug
6f573edc117b0aa0ae0375a957b83fdf0bd47b90,bug
2999cea522ee9496318e9986a677810865187505,bug
2cb3b9eaf3a6a151b7d99ffcec46313509c5249c,bug
0b01726bb7333eb8d74a212919fa3b6e47fed680,bug
0199cde71fda33a1a49c185cb03a3d686c6eb5f9,bug
2cea136a877bd88838ce0fbd1df500840b509be1,bug
6aad7fb992e5cbf06229b55bd31bb7b8c8fd01c4,bug
da8b72f2b8c54f08e580b02cec6a4c5d98e84b25,bug
47cce544a31ed5577ffe2963f67acb4144ee0232,other
57a1d86ca29bf5f55bba123c33d5ef0e38a3bac8,other
4447405b179db63748c10d8cb3d139e795195eb3,other
36dd23aa1b24f1b30defd7037f948610a7d0c767,other
c916e8cfa7efc1e6cadc49b593a65d53d29d54c0,other
1e1a7a593bccc5ea5676c63d49845626a2ca4334,other
052924abe3fb44df588f6e7c7df9ca691bbfa887,other
ab639e4ac8f565ccf2f195ae0d3acca20587c15d,other
0e3b6bea6d00fbf08eff582bf10305f9c2a355e9,other
28e74e138a9e8ff4728d13eb6df6e65a881e4cdf,other
88144ee17fa563a4966eab931913b4189424ca72,other
07e9921f5a5fc914b1f70f1903716c5e004d72ce,other
da1327e088d7c78137b7f50a027fd50da52ffc45,other
c0c435b531a9e451442cb9066612f8582d188ea2,other
d202d79a6a2289586140c3c5672d94d217710d3b,other
90abdd285a3b80a8e5f402169bfb5e9150287fe4,other
260d65d58477f005e6a3b1facaf623b34b9b9f6f,other
69bc282fd6c115d00e5f2108efc69ea973b624bc,other
870eba4c65474dc5d1e5df0689067c3aff8c54eb,other
aba716e6dfbe655aaa08120762a73a3312fe844c,other
f1f628ea09953df852c2688d0175e1e770d53a05,other
f8a7b0e99bec8c2e5938e733845ab77778bfdab9,other
45ee6f4048a6649c0dfd13615c12d787f402a7a2,other
931f0a031a3a82070daf96acfd42ce9bf7ce1ea0,other
b85ac2465feb70e41f9ad1cef246dcd319ce8f3b,other
28483ffeb3ce527275a0bf745caac51ae00ea2f8,other
fdabdb04bfea1425c7c0d26978ac7959bf6800a9,other
bff9c5daebd71c76c12aee70b65edd3cb7d638e1,other
d196d7d9e19debd496392fee6bb2b256c354b612,other
8d1ec9b1f562497aec930e0a91b2296b8d8fa9b3,other
37eb9b3031f0396be831395ddbc73d43b56e65d5,other
fa306d43728f3312a5ad64a3a3d5dcc554484b9b,other
101d64c1a65018fa782b7fef912317b737490cd1,other
857c62788dc69695fdfc24b5f78699b9ac6633d0,other
fd86d20af1eb29a6108f32acec270ed1cf314f54,other
acfef3ec9354c07059ebcac5fe0014e66d834785,other
17def81fc94ab8e04021a2f62cf4452be6ba181e,other
a634b527fb8d4457fda28982c71f04ae2a65216f,other
1d835561acc42652e06b2b2e821af17c26a0545b,other
43e9e343dd975182bb4cb69d52950a0426c387aa,other
060711ab374ccdbd378b6e5292e01183f2d04731,other
8d47ca4ed233f64099dc36d72f673afc94a8b3ed,other
15e40c3860dcb5c728c33940ce34728e00839158,other
a6f226e8d4aab28d27094e1eafd2f418f67c5cee,other
43bf727bc3a71a68de294049e38f67d216f9ede0,other
723aeeaba2d672657675306004b9e91fdc396ee6,other
ae1a83859271c91ee969795de6a396eb4914b69e,other
29ebcc32052d486cbc1933ac4738aa5cb68aa851,other
b1e12d70bb08767855115f5bd2d5cc0f935a40e9,other
f7886fcd9176f3db3ddfd9a8e28903d02578335a,other
